/*
 Navicat MySQL Data Transfer

 Source Server         : MySql
 Source Server Type    : MySQL
 Source Server Version : 80032
 Source Host           : localhost:3306
 Source Schema         : sc

 Target Server Type    : MySQL
 Target Server Version : 80032
 File Encoding         : 65001

 Date: 29/01/2025 22:21:26
*/

SET NAMES utf8mb4;
SET FOREIGN_KEY_CHECKS = 0;

-- ----------------------------
-- Table structure for habit
-- ----------------------------
DROP TABLE IF EXISTS `habit`;
CREATE TABLE `habit`  (
  `id` varchar(15) CHARACTER SET utf8mb4 COLLATE utf8mb4_0900_ai_ci NOT NULL COMMENT 'д№ жғҜidпјҢиҮӘеўһ',
  `userId` varchar(15) CHARACTER SET utf8mb4 COLLATE utf8mb4_0900_ai_ci NULL DEFAULT NULL COMMENT 'з”ЁжҲ·id',
  `name` varchar(20) CHARACTER SET utf8mb4 COLLATE utf8mb4_0900_ai_ci NULL DEFAULT NULL COMMENT 'д№ жғҜзҡ„еҗҚз§°',
  `thumb` varchar(50) CHARACTER SET utf8mb4 COLLATE utf8mb4_0900_ai_ci NULL DEFAULT 'habit.png' COMMENT 'д№ жғҜеӣҫж Ү',
  `createTime` datetime NULL DEFAULT NULL COMMENT 'еҲӣе»әж—¶й—ҙ',
  `beginDate` date NULL DEFAULT NULL COMMENT 'ејҖе§Ӣж—Ҙжңҹ',
  `groupId` bigint NULL DEFAULT NULL COMMENT 'д№ жғҜеҲҶз»„id',
  `description` varchar(50) CHARACTER SET utf8mb4 COLLATE utf8mb4_0900_ai_ci NULL DEFAULT NULL COMMENT 'жҸҸиҝ°',
  `updateTime` datetime NULL DEFAULT NULL ON UPDATE CURRENT_TIMESTAMP COMMENT 'д№ жғҜдҝЎжҒҜжӣҙж–°ж—¶й—ҙ',
  `deleteFlag` tinyint(1) NULL DEFAULT NULL COMMENT 'еҲ йҷӨж ҮиҜҶпјҢ0.иЎЁзӨәжңӘеҲ йҷӨпјҢ1.иЎЁзӨәеҲ йҷӨ',
  PRIMARY KEY (`id`) USING BTREE,
  INDEX `index_userId`(`userId`) USING BTREE,
  INDEX `index_delete_flag`(`deleteFlag`) USING BTREE
) ENGINE = InnoDB CHARACTER SET = utf8mb4 COLLATE = utf8mb4_0900_ai_ci ROW_FORMAT = Dynamic;

-- ----------------------------
-- Records of habit
-- ----------------------------
INSERT INTO `habit` VALUES ('H10895488584113', 'U28533327585573', 'q', '3158ff1b-a19c-4f55-90d7-950ddc9b94e5.jpg', '2025-01-17 21:54:40', '2025-01-17', 7, 'q', '2025-01-17 22:13:24', 0);
INSERT INTO `habit` VALUES ('H36176125942', 'U47811742828165', 'иө·йЈһејҸй”»зӮј', 'exercise.png', '2025-01-09 10:34:55', '2025-01-01', 6, 'иө·йЈһпјҢж¬ёйЈһ~', NULL, 0);
INSERT INTO `habit` VALUES ('H4024690107768', 'U47811742828165', '123', 'habit.png', '2025-01-24 16:16:49', '2025-01-27', 1, '12', '2025-01-28 09:19:07', 0);
INSERT INTO `habit` VALUES ('H568694593215', 'U47811742828165', 'еҝ«д№җcheems', 'fe259405-f999-4237-b2d6-b82caa2b2d56.jpg', '2025-01-17 16:22:55', '2025-01-17', 3, 'еҝ«д№җcheemsпјҢhappy every dayпјҒ', '2025-01-17 16:52:21', 0);
INSERT INTO `habit` VALUES ('H5791865054', 'U47811742828165', 'йҳ…иҜ»', 'reading.png', '2025-01-09 10:54:47', '2025-01-01', 2, 'йҳ…иҜ»дҪҝдәәеҸ—зӣҠ', '2025-01-11 15:12:18', 0);
INSERT INTO `habit` VALUES ('H612712257344', 'U47811742828165', '12', 'habit.png', '2025-01-09 10:26:48', '2025-01-01', 2, 'йЈһ', NULL, 0);
INSERT INTO `habit` VALUES ('H81035800324', 'U28533327585573', 'q', 'habit.png', '2025-01-21 10:28:09', '2025-01-21', 8, 'q', '2025-01-21 10:36:48', 0);

-- ----------------------------
-- Table structure for habitfrequency
-- ----------------------------
DROP TABLE IF EXISTS `habitfrequency`;
CREATE TABLE `habitfrequency`  (
  `id` bigint NOT NULL AUTO_INCREMENT COMMENT 'idдё»й”®пјҢиҮӘеўһ',
  `habitId` varchar(15) CHARACTER SET utf8mb4 COLLATE utf8mb4_0900_ai_ci NULL DEFAULT NULL COMMENT 'д№ жғҜid',
  `days` json NULL COMMENT 'йў‘зҺҮжҜҸе‘Ёзҡ„ж—ҘеӯҗпјҢе‘ЁдёҖпјҢе‘ЁдәҢзӯүжү§иЎҢ',
  `weekPersistDays` int NULL DEFAULT NULL COMMENT 'жҜҸе‘ЁеӨҡе°‘еӨ©пјҢжңҖеӨ§еҖј7',
  `period` int NULL DEFAULT NULL COMMENT 'жҜҸйҡ”еӨҡе°‘еӨ©',
  `updateTime` datetime NULL DEFAULT NULL COMMENT 'жӣҙж–°ж—¶й—ҙ',
  PRIMARY KEY (`id`) USING BTREE,
  INDEX `index_habit_id`(`habitId`) USING BTREE
) ENGINE = InnoDB AUTO_INCREMENT = 32 CHARACTER SET = utf8mb4 COLLATE = utf8mb4_0900_ai_ci ROW_FORMAT = Dynamic;

-- ----------------------------
-- Records of habitfrequency
-- ----------------------------
INSERT INTO `habitfrequency` VALUES (1, 'H612712257344', '{\"friday\": 5, \"monday\": 1, \"sunday\": 0, \"tuesday\": 2, \"saturday\": 6, \"thursday\": 4, \"wednesday\": 3}', NULL, NULL, NULL);
INSERT INTO `habitfrequency` VALUES (2, 'H36176125942', NULL, NULL, 3, NULL);
INSERT INTO `habitfrequency` VALUES (3, 'H5791865054', NULL, 4, NULL, NULL);
INSERT INTO `habitfrequency` VALUES (28, 'H568694593215', '{\"friday\": 5, \"monday\": 1, \"sunday\": 0, \"tuesday\": 2, \"saturday\": 6, \"thursday\": 4, \"wednesday\": 3}', NULL, NULL, NULL);
INSERT INTO `habitfrequency` VALUES (29, 'H10895488584113', NULL, NULL, 3, NULL);
INSERT INTO `habitfrequency` VALUES (30, 'H81035800324', '{\"friday\": 5, \"monday\": 1, \"sunday\": 0, \"tuesday\": 2, \"saturday\": 6, \"thursday\": 4, \"wednesday\": 3}', NULL, NULL, NULL);
INSERT INTO `habitfrequency` VALUES (31, 'H4024690107768', '{\"friday\": 5, \"monday\": 1, \"sunday\": 0, \"tuesday\": 2, \"saturday\": 6, \"thursday\": 4, \"wednesday\": 3}', NULL, NULL, NULL);

-- ----------------------------
-- Table structure for habitgroup
-- ----------------------------
DROP TABLE IF EXISTS `habitgroup`;
CREATE TABLE `habitgroup`  (
  `id` bigint NOT NULL AUTO_INCREMENT COMMENT 'еҲҶз»„id,иҮӘеўһ',
  `userId` varchar(15) CHARACTER SET utf8mb4 COLLATE utf8mb4_0900_ai_ci NULL DEFAULT NULL COMMENT 'з”ЁжҲ·id',
  `name` varchar(25) CHARACTER SET utf8mb4 COLLATE utf8mb4_0900_ai_ci NULL DEFAULT NULL COMMENT 'еҲҶз»„еҗҚз§°',
  `code` int NULL DEFAULT NULL COMMENT 'еҲҶз»„зј–еҸ·еҖј',
  `updateTime` datetime NULL DEFAULT NULL COMMENT 'жӣҙж–°ж—¶й—ҙ',
  PRIMARY KEY (`id`) USING BTREE,
  UNIQUE INDEX `index_habitId_code`(`userId`, `code`) USING BTREE,
  INDEX `index_user_id`(`userId`) USING BTREE
) ENGINE = InnoDB AUTO_INCREMENT = 16 CHARACTER SET = utf8mb4 COLLATE = utf8mb4_0900_ai_ci ROW_FORMAT = Dynamic;

-- ----------------------------
-- Records of habitgroup
-- ----------------------------
INSERT INTO `habitgroup` VALUES (1, 'U47811742828165', 'ж—©жҷЁ', 1, NULL);
INSERT INTO `habitgroup` VALUES (2, 'U47811742828165', 'дёҠеҚҲ', 2, NULL);
INSERT INTO `habitgroup` VALUES (3, 'U47811742828165', 'дёӯеҚҲ', 3, NULL);
INSERT INTO `habitgroup` VALUES (4, 'U47811742828165', 'дёӢеҚҲ', 4, NULL);
INSERT INTO `habitgroup` VALUES (5, 'U47811742828165', 'жҷҡдёҠ', 5, NULL);
INSERT INTO `habitgroup` VALUES (6, 'U47811742828165', 'е…¶д»–', 6, NULL);
INSERT INTO `habitgroup` VALUES (7, 'U28533327585573', 'ж—©жҷЁ', 1, NULL);
INSERT INTO `habitgroup` VALUES (8, 'U28533327585573', 'дёҠеҚҲ', 2, NULL);
INSERT INTO `habitgroup` VALUES (9, 'U28533327585573', 'дёӯеҚҲ', 3, NULL);
INSERT INTO `habitgroup` VALUES (10, 'U28533327585573', 'дёӢеҚҲ', 4, NULL);
INSERT INTO `habitgroup` VALUES (11, 'U28533327585573', 'жҷҡдёҠ', 5, NULL);
INSERT INTO `habitgroup` VALUES (12, 'U28533327585573', 'е…¶д»–', 6, NULL);
INSERT INTO `habitgroup` VALUES (13, 'U47811742828165', 'иө·йЈһ', 7, NULL);
INSERT INTO `habitgroup` VALUES (15, 'U47811742828165', 'иө·еӨ§йЈһ', 8, NULL);

-- ----------------------------
-- Table structure for habitoption
-- ----------------------------
DROP TABLE IF EXISTS `habitoption`;
CREATE TABLE `habitoption`  (
  `id` bigint NOT NULL AUTO_INCREMENT COMMENT 'д№ жғҜйҖүйЎ№дҝЎжҒҜid',
  `habitId` varchar(15) CHARACTER SET utf8mb4 COLLATE utf8mb4_0900_ai_ci NULL DEFAULT NULL COMMENT 'д№ жғҜid',
  `aimDays` int NULL DEFAULT NULL COMMENT 'еқҡжҢҒзҡ„зӣ®ж ҮеӨ©ж•°,-1д»ЈиЎЁдёҖзӣҙиҰҒеқҡжҢҒ',
  `updateTime` datetime NULL DEFAULT NULL COMMENT 'жӣҙж–°ж—¶й—ҙ',
  `persistDays` int UNSIGNED NULL DEFAULT NULL COMMENT 'д№ жғҜеқҡжҢҒе®ҢжҲҗзҡ„еӨ©ж•°',
  `continuousDays` int NULL DEFAULT NULL COMMENT 'иҝһз»ӯе®ҢжҲҗеӨ©ж•°',
  `mostDays` int NULL DEFAULT NULL COMMENT 'жңҖеӨҡеқҡжҢҒеӨ©ж•°',
  PRIMARY KEY (`id`) USING BTREE,
  INDEX `index_habit_id`(`habitId`) USING BTREE
) ENGINE = InnoDB AUTO_INCREMENT = 32 CHARACTER SET = utf8mb4 COLLATE = utf8mb4_0900_ai_ci ROW_FORMAT = Dynamic;

-- ----------------------------
-- Records of habitoption
-- ----------------------------
INSERT INTO `habitoption` VALUES (1, 'H612712257344', 100, NULL, 0, 0, 0);
INSERT INTO `habitoption` VALUES (2, 'H36176125942', -1, NULL, 0, 0, 1);
INSERT INTO `habitoption` VALUES (3, 'H5791865054', 30, NULL, 8, 0, 8);
INSERT INTO `habitoption` VALUES (26, 'H0963540585', -1, NULL, 0, 0, 0);
INSERT INTO `habitoption` VALUES (27, 'H773687026891', -1, NULL, 0, 0, 0);
INSERT INTO `habitoption` VALUES (28, 'H568694593215', -1, NULL, 0, 0, 0);
INSERT INTO `habitoption` VALUES (29, 'H10895488584113', -1, NULL, 0, 0, 1);
INSERT INTO `habitoption` VALUES (30, 'H81035800324', -1, NULL, 0, 0, 1);
INSERT INTO `habitoption` VALUES (31, 'H4024690107768', -1, NULL, 0, 0, 1);

-- ----------------------------
-- Table structure for habitrecord
-- ----------------------------
DROP TABLE IF EXISTS `habitrecord`;
CREATE TABLE `habitrecord`  (
  `id` bigint NOT NULL AUTO_INCREMENT COMMENT 'д№ жғҜе®ҢжҲҗи®°еҪ•id',
  `finishTime` datetime NULL DEFAULT NULL COMMENT 'жҜҸж¬Ўжү“еҚЎзҡ„ж—¶й—ҙ',
  `habitId` varchar(15) CHARACTER SET utf8mb4 COLLATE utf8mb4_0900_ai_ci NULL DEFAULT NULL COMMENT 'д№ жғҜid',
  `finished` tinyint(1) NULL DEFAULT NULL COMMENT 'жҳҜеҗҰе®ҢжҲҗ',
  `day` date NULL DEFAULT NULL COMMENT 'д№ жғҜйҮҚеӨҚж—¶зҡ„йӮЈдёҖеӨ©зҡ„ж—Ҙжңҹ',
  `updateTime` datetime NULL DEFAULT NULL ON UPDATE CURRENT_TIMESTAMP COMMENT 'жӣҙж–°ж—¶й—ҙ',
  PRIMARY KEY (`id`) USING BTREE,
  INDEX `index_time`(`finishTime`) USING BTREE
) ENGINE = InnoDB AUTO_INCREMENT = 20 CHARACTER SET = utf8mb4 COLLATE = utf8mb4_0900_ai_ci ROW_FORMAT = Dynamic;

-- ----------------------------
-- Records of habitrecord
-- ----------------------------
INSERT INTO `habitrecord` VALUES (1, NULL, 'H4024690107768', 0, '2025-01-25', NULL);
INSERT INTO `habitrecord` VALUES (2, NULL, 'H568694593215', 0, '2025-01-25', NULL);
INSERT INTO `habitrecord` VALUES (3, NULL, 'H5791865054', 0, '2025-01-25', NULL);
INSERT INTO `habitrecord` VALUES (4, NULL, 'H612712257344', 0, '2025-01-25', NULL);
INSERT INTO `habitrecord` VALUES (5, NULL, 'H36176125942', 0, '2025-01-25', NULL);
INSERT INTO `habitrecord` VALUES (6, NULL, 'H4024690107768', 0, '2025-01-26', NULL);
INSERT INTO `habitrecord` VALUES (7, NULL, 'H568694593215', 0, '2025-01-26', NULL);
INSERT INTO `habitrecord` VALUES (8, NULL, 'H5791865054', 0, '2025-01-26', NULL);
INSERT INTO `habitrecord` VALUES (9, NULL, 'H612712257344', 0, '2025-01-26', NULL);
INSERT INTO `habitrecord` VALUES (10, NULL, 'H4024690107768', 0, '2025-01-27', '2025-01-27 10:55:11');
INSERT INTO `habitrecord` VALUES (11, NULL, 'H568694593215', 0, '2025-01-27', NULL);
INSERT INTO `habitrecord` VALUES (12, NULL, 'H5791865054', 0, '2025-01-27', NULL);
INSERT INTO `habitrecord` VALUES (13, NULL, 'H612712257344', 0, '2025-01-27', NULL);
INSERT INTO `habitrecord` VALUES (15, NULL, 'H36176125942', 0, '2025-01-28', NULL);
INSERT INTO `habitrecord` VALUES (16, NULL, 'H4024690107768', 0, '2025-01-28', '2025-01-28 09:27:02');
INSERT INTO `habitrecord` VALUES (17, NULL, 'H568694593215', 0, '2025-01-28', NULL);
INSERT INTO `habitrecord` VALUES (18, NULL, 'H5791865054', 0, '2025-01-28', NULL);
INSERT INTO `habitrecord` VALUES (19, NULL, 'H612712257344', 0, '2025-01-28', NULL);
INSERT INTO `habitrecord` VALUES (20, NULL, 'H4024690107768', 0, '2025-01-29', NULL);
INSERT INTO `habitrecord` VALUES (21, NULL, 'H568694593215', 0, '2025-01-29', NULL);
INSERT INTO `habitrecord` VALUES (22, NULL, 'H5791865054', 0, '2025-01-29', NULL);
INSERT INTO `habitrecord` VALUES (23, NULL, 'H612712257344', 0, '2025-01-29', NULL);

-- ----------------------------
-- Table structure for habitreminder
-- ----------------------------
DROP TABLE IF EXISTS `habitreminder`;
CREATE TABLE `habitreminder`  (
  `id` bigint NOT NULL AUTO_INCREMENT COMMENT 'д№ жғҜжҸҗйҶ’idпјҢиҮӘеўһ',
  `habitId` varchar(15) CHARACTER SET utf8mb4 COLLATE utf8mb4_0900_ai_ci NULL DEFAULT NULL COMMENT 'д№ жғҜid',
  `time` varchar(8) CHARACTER SET utf8mb4 COLLATE utf8mb4_0900_ai_ci NULL DEFAULT NULL COMMENT 'жҸҗйҶ’зҡ„ж—¶й—ҙ',
  `updateTime` datetime NULL DEFAULT NULL COMMENT 'жӣҙж–°ж—¶й—ҙ',
  PRIMARY KEY (`id`) USING BTREE,
  INDEX `index_habit_id`(`habitId`) USING BTREE
) ENGINE = InnoDB AUTO_INCREMENT = 1 CHARACTER SET = utf8mb4 COLLATE = utf8mb4_0900_ai_ci ROW_FORMAT = Dynamic;

-- ----------------------------
-- Records of habitreminder
-- ----------------------------

-- ----------------------------
-- Table structure for task
-- ----------------------------
DROP TABLE IF EXISTS `task`;
CREATE TABLE `task`  (
  `id` bigint NOT NULL AUTO_INCREMENT COMMENT 'дё»й”®id,иҮӘеўһ',
  `userId` varchar(15) CHARACTER SET utf8mb4 COLLATE utf8mb4_0900_ai_ci NULL DEFAULT NULL COMMENT 'з”ЁжҲ·id',
  `createTime` datetime NULL DEFAULT NULL COMMENT 'д»»еҠЎеҲӣе»әж—¶й—ҙ',
  `beginTime` datetime NULL DEFAULT NULL COMMENT 'д»»еҠЎејҖе§Ӣзҡ„ж—¶й—ҙ',
  `endTime` datetime NULL DEFAULT NULL COMMENT 'д»»еҠЎз»“жқҹж—¶й—ҙ',
  `description` varchar(125) CHARACTER SET utf8mb4 COLLATE utf8mb4_0900_ai_ci NULL DEFAULT NULL COMMENT 'д»»еҠЎдҝЎжҒҜжҸҸиҝ°',
  `priority` tinyint(1) NULL DEFAULT NULL COMMENT 'д»»еҠЎдјҳе…Ҳзә§пјҢ1.йҮҚиҰҒдё”зҙ§жҖҘпјҢ2.йҮҚиҰҒдёҚзҙ§жҖҘпјҢ3.дёҚйҮҚиҰҒдҪҶжҳҜзҙ§жҖҘпјҢ4.дёҚйҮҚиҰҒд№ҹдёҚзҙ§жҖҘ',
  `title` varchar(30) CHARACTER SET utf8mb4 COLLATE utf8mb4_0900_ai_ci NULL DEFAULT NULL COMMENT 'д»»еҠЎж Үйўҳ',
  `state` tinyint(1) NULL DEFAULT NULL COMMENT 'е®ҢжҲҗзҠ¶жҖҒпјҢ1.е®ҢжҲҗпјҢ2.жңӘе®ҢжҲҗпјҢ3.е·ІеҸ–ж¶ҲпјҢ4.е·ІжҗҒзҪ®',
  `repeatable` tinyint(1) NULL DEFAULT NULL COMMENT 'жҳҜеҗҰеұһдәҺеҸҜйҮҚеӨҚд»»еҠЎ',
  `updateTime` datetime NULL DEFAULT NULL ON UPDATE CURRENT_TIMESTAMP COMMENT 'д»»еҠЎдҝЎжҒҜжӣҙж–°ж—¶й—ҙ',
  `labelId` bigint NULL DEFAULT NULL COMMENT 'з”ЁжҲ·иҮӘе®ҡд№үж Үзӯҫж—¶еёҰжңүзҡ„ж Үзӯҫid',
  PRIMARY KEY (`id`) USING BTREE,
  INDEX `index_begin_time`(`beginTime`) USING BTREE,
  INDEX `index_end_time`(`endTime`) USING BTREE,
  INDEX `index_label_id`(`labelId`) USING BTREE
) ENGINE = InnoDB AUTO_INCREMENT = 7 CHARACTER SET = utf8mb4 COLLATE = utf8mb4_0900_ai_ci ROW_FORMAT = Dynamic;

-- ----------------------------
-- Records of task
-- ----------------------------
INSERT INTO `task` VALUES (1, 'U47811742828165', '2025-01-23 16:51:00', '2025-01-23 16:32:00', '2025-01-25 17:32:00', '1', 4, '1', 2, 0, NULL, NULL);
INSERT INTO `task` VALUES (2, 'U47811742828165', '2025-01-26 21:57:44', '2025-01-27 21:57:00', '2025-01-27 22:57:00', '1', 4, '1', 4, 0, '2025-01-28 10:18:09', NULL);
INSERT INTO `task` VALUES (3, 'U47811742828165', '2025-01-26 22:02:10', '2025-01-27 22:02:00', '2025-01-27 23:02:00', '2', 4, '2', 4, 0, '2025-01-28 10:18:09', NULL);
INSERT INTO `task` VALUES (4, 'U47811742828165', '2025-01-27 15:30:44', '2025-01-27 15:30:00', '2025-01-27 16:30:00', '23', 4, '23', 4, 0, '2025-01-28 10:18:09', 54);
INSERT INTO `task` VALUES (5, 'U47811742828165', '2025-01-27 15:40:43', '2025-01-27 15:40:00', '2025-01-27 16:40:00', '45', 4, '32', 4, 0, '2025-01-28 10:18:09', 54);
INSERT INTO `task` VALUES (6, 'U47811742828165', '2025-01-27 15:59:38', '2025-01-27 16:32:00', '2025-01-27 17:32:00', 'q2', 4, 'ж— ж Үйўҳ', 4, 0, '2025-01-28 10:18:09', 54);

-- ----------------------------
-- Table structure for taskinstance
-- ----------------------------
DROP TABLE IF EXISTS `taskinstance`;
CREATE TABLE `taskinstance`  (
  `id` bigint NOT NULL AUTO_INCREMENT COMMENT 'д»»еҠЎе®һдҫӢиЎЁid',
  `instanceId` varchar(15) CHARACTER SET utf8mb4 COLLATE utf8mb4_0900_ai_ci NULL DEFAULT NULL COMMENT 'йҮҚеӨҚд»»еҠЎдёӢзҡ„еҜ№еә”д»»еҠЎidпјҢйқһйҮҚеӨҚд»»еҠЎпјҢеҖјдёҺд»»еҠЎidзӣёеҗҢ',
  `taskId` bigint NULL DEFAULT NULL COMMENT 'д»»еҠЎid',
  PRIMARY KEY (`id`) USING BTREE,
  INDEX `index_task_id`(`taskId`) USING BTREE,
  INDEX `index_instance_id`(`instanceId`) USING BTREE
) ENGINE = InnoDB AUTO_INCREMENT = 7 CHARACTER SET = utf8mb4 COLLATE = utf8mb4_0900_ai_ci ROW_FORMAT = Dynamic;

-- ----------------------------
-- Records of taskinstance
-- ----------------------------
INSERT INTO `taskinstance` VALUES (1, '1', 1);
INSERT INTO `taskinstance` VALUES (2, '2', 2);
INSERT INTO `taskinstance` VALUES (3, '3', 3);
INSERT INTO `taskinstance` VALUES (4, '4', 4);
INSERT INTO `taskinstance` VALUES (5, '5', 5);
INSERT INTO `taskinstance` VALUES (6, '6', 6);

-- ----------------------------
-- Table structure for tasklabel
-- ----------------------------
DROP TABLE IF EXISTS `tasklabel`;
CREATE TABLE `tasklabel`  (
  `id` bigint NOT NULL AUTO_INCREMENT COMMENT 'д»»еҠЎж ҮзӯҫиЎЁidпјҢиҮӘеўһ',
  `userId` varchar(15) CHARACTER SET utf8mb4 COLLATE utf8mb4_0900_ai_ci NULL DEFAULT NULL COMMENT 'д»»еҠЎиЎЁе…іиҒ”зҡ„з”ЁжҲ·id',
  `name` varchar(20) CHARACTER SET utf8mb4 COLLATE utf8mb4_0900_ai_ci NULL DEFAULT NULL COMMENT 'ж ҮзӯҫеҗҚ',
  `display` tinyint(1) NULL DEFAULT 1 COMMENT 'жҳҫзӨәжЁЎејҸпјҢ1.жҳҫзӨәпјҢ0.йҡҗи—Ҹ',
  `createTime` datetime NULL DEFAULT NULL COMMENT 'еҲӣе»әж—¶й—ҙ',
  `updateTime` datetime NULL DEFAULT NULL ON UPDATE CURRENT_TIMESTAMP COMMENT 'жӣҙж–°ж—¶й—ҙ',
  `notCustom` tinyint(1) NULL DEFAULT 0 COMMENT ' жҳҜеҗҰеұһдәҺз”ЁжҲ·иҮӘе®ҡд№үпјҢ1.еҗҰпјҢ0жҳҜ',
  `isList` tinyint(1) NULL DEFAULT 0 COMMENT 'жҳҜеҗҰеұһдәҺжё…еҚ•пјҢ1.жҳҜпјҢ0.еҗҰ',
  `icon` varchar(50) CHARACTER SET utf8mb4 COLLATE utf8mb4_0900_ai_ci NULL DEFAULT NULL COMMENT 'жё…еҚ•еӣҫж Ү',
  PRIMARY KEY (`id`) USING BTREE,
  INDEX `index_userId`(`userId`) USING BTREE,
  INDEX `index_isList`(`isList`) USING BTREE,
  INDEX `index_notCustom`(`notCustom`) USING BTREE
) ENGINE = InnoDB AUTO_INCREMENT = 58 CHARACTER SET = utf8mb4 COLLATE = utf8mb4_0900_ai_ci ROW_FORMAT = Dynamic;

-- ----------------------------
-- Records of tasklabel
-- ----------------------------
INSERT INTO `tasklabel` VALUES (1, NULL, 'д»ҠеӨ©', 1, NULL, NULL, 1, 1, 'today.png');
INSERT INTO `tasklabel` VALUES (2, NULL, 'жҳҺеӨ©', 1, NULL, NULL, 1, 1, 'tomorrow.png');
INSERT INTO `tasklabel` VALUES (3, NULL, 'жҳЁеӨ©', 1, NULL, NULL, 1, 1, 'yesterday.png');
INSERT INTO `tasklabel` VALUES (4, NULL, 'ж Үзӯҫ', 1, NULL, NULL, 1, 1, 'labels.png');
INSERT INTO `tasklabel` VALUES (5, NULL, 'е·Іе®ҢжҲҗ', 1, NULL, NULL, 1, 1, 'finish.png');
INSERT INTO `tasklabel` VALUES (6, NULL, 'е·ІжҗҒзҪ®', 1, NULL, NULL, 1, 1, 'delay.png');
INSERT INTO `tasklabel` VALUES (7, NULL, 'еһғеңҫжЎ¶', 1, NULL, NULL, 1, 1, 'bin.png');
INSERT INTO `tasklabel` VALUES (54, 'U47811742828165', 'q', 1, '2025-01-27 15:30:32', '2025-01-27 22:06:52', 0, 0, 'label.png');
INSERT INTO `tasklabel` VALUES (55, 'U47811742828165', '1', 0, '2025-01-27 20:38:38', '2025-01-27 22:06:12', 0, 1, 'list.png');
INSERT INTO `tasklabel` VALUES (56, 'U47811742828165', '23', 1, '2025-01-27 20:38:52', '2025-01-27 22:06:35', 0, 1, 'list.png');
INSERT INTO `tasklabel` VALUES (57, 'U47811742828165', '23', 0, '2025-01-27 20:51:37', '2025-01-27 22:04:52', 0, 0, 'label.png');

-- ----------------------------
-- Table structure for taskreminder
-- ----------------------------
DROP TABLE IF EXISTS `taskreminder`;
CREATE TABLE `taskreminder`  (
  `id` bigint NOT NULL AUTO_INCREMENT COMMENT 'д»»еҠЎжҸҗйҶ’пјҢдё»й”®id,иҮӘеўһ',
  `taskId` bigint NOT NULL COMMENT 'д»»еҠЎid',
  `timing` datetime NULL DEFAULT NULL COMMENT 'жҸҗйҶ’ж—¶жңәпјҢиЎЁиҝ°еңЁд»»еҠЎејҖе§Ӣд№ӢеүҚзҡ„ж—¶й—ҙ',
  `mode` tinyint(1) NULL DEFAULT NULL COMMENT 'жҸҗйҶ’жЁЎејҸпјҢ1.еҲҶй’ҹпјҢ2.е°Ҹж—¶пјҢ3.еӨ©пјҢ4.е‘ЁпјҢ5.жңҲ\r\n',
  `value` int NULL DEFAULT NULL COMMENT 'жҸҗйҶ’жЁЎејҸдёӢзҡ„ж•°еҖј',
  PRIMARY KEY (`id`) USING BTREE,
  INDEX `index_task_id`(`taskId`) USING BTREE
) ENGINE = InnoDB AUTO_INCREMENT = 1 CHARACTER SET = utf8mb4 COLLATE = utf8mb4_0900_ai_ci ROW_FORMAT = Dynamic;

-- ----------------------------
-- Records of taskreminder
-- ----------------------------

-- ----------------------------
-- Table structure for taskrepeatrule
-- ----------------------------
DROP TABLE IF EXISTS `taskrepeatrule`;
CREATE TABLE `taskrepeatrule`  (
  `id` bigint NOT NULL AUTO_INCREMENT COMMENT 'дё»й”®id,иҮӘеўһ',
  `taskId` bigint NULL DEFAULT NULL COMMENT 'д»»еҠЎidпјҢеҸҜйҮҚеӨҚд»»еҠЎдҝЎжҒҜжӣҙж”№йҮҚеӨҚи§„еҲҷж—¶дҪҝз”Ё',
  `updateTime` datetime NULL DEFAULT NULL ON UPDATE CURRENT_TIMESTAMP COMMENT 'д»»еҠЎзҠ¶жҖҒжӣҙж–°ж—¶й—ҙ',
  `period` int NULL DEFAULT NULL COMMENT 'д»»еҠЎжү§иЎҢе‘ЁжңҹпјҲдёҚеҸҜйҮҚеӨҚд»»еҠЎеҖјзҪ®з©әпјү',
  `periodUnit` tinyint(1) NULL DEFAULT NULL COMMENT 'жү§иЎҢе‘ЁжңҹеҚ•дҪҚпјҡ1.еӨ©пјҢ2.е‘ЁпјҢ3.жңҲпјҢ4.е№ҙ',
  `deadline` datetime NULL DEFAULT NULL COMMENT 'йҮҚеӨҚжҲӘжӯўж—¶й—ҙ',
  `custom` json NULL COMMENT 'иҮӘе®ҡд№үи§„еҲҷ',
  `count` int NULL DEFAULT NULL COMMENT 'жү§иЎҢж¬Ўж•°',
  PRIMARY KEY (`id`) USING BTREE,
  INDEX `index_task_id`(`taskId`) USING BTREE
) ENGINE = InnoDB AUTO_INCREMENT = 1 CHARACTER SET = utf8mb4 COLLATE = utf8mb4_0900_ai_ci ROW_FORMAT = Dynamic;

-- ----------------------------
-- Records of taskrepeatrule
-- ----------------------------

-- ----------------------------
-- Table structure for user
-- ----------------------------
DROP TABLE IF EXISTS `user`;
CREATE TABLE `user`  (
  `id` varchar(15) CHARACTER SET utf8mb4 COLLATE utf8mb4_0900_ai_ci NOT NULL COMMENT 'з”ЁжҲ·idпјҢдё»й”®',
  `email` varchar(25) CHARACTER SET utf8mb4 COLLATE utf8mb4_0900_ai_ci NOT NULL COMMENT 'з”ЁжҲ·з”өеӯҗйӮ®з®ұ',
  `password` varchar(125) CHARACTER SET utf8mb4 COLLATE utf8mb4_0900_ai_ci NULL DEFAULT NULL COMMENT 'з”ЁжҲ·зҷ»еҪ•еҜҶз Ғ',
  `nickname` varchar(25) CHARACTER SET utf8mb4 COLLATE utf8mb4_0900_ai_ci NULL DEFAULT NULL COMMENT 'з”ЁжҲ·жҳөз§°',
  `avatar` varchar(25) CHARACTER SET utf8mb4 COLLATE utf8mb4_0900_ai_ci NULL DEFAULT NULL COMMENT 'з”ЁжҲ·еӨҙеғҸ',
  `role` tinyint UNSIGNED NULL DEFAULT 1 COMMENT '1.з®ЎзҗҶе‘ҳпјҢ2.жҷ®йҖҡз”ЁжҲ·пјҢ3.VIPз”ЁжҲ·\r\n',
  `createTime` datetime NULL DEFAULT NULL COMMENT 'з”ЁжҲ·еҲӣе»әж—¶й—ҙ',
  `lastLoginTime` datetime NULL DEFAULT NULL COMMENT 'з”ЁжҲ·дёҠж¬Ўзҷ»еҪ•ж—¶й—ҙ',
  PRIMARY KEY (`id`) USING BTREE,
  UNIQUE INDEX `email`(`email`) USING BTREE,
  INDEX `index_vip`(`role`) USING BTREE
) ENGINE = InnoDB CHARACTER SET = utf8mb4 COLLATE = utf8mb4_0900_ai_ci ROW_FORMAT = Dynamic;

-- ----------------------------
-- Records of user
-- ----------------------------
INSERT INTO `user` VALUES ('U28533327585573', '1816440933@qq.com', '8d969eef6ecad3c29a3a629280e686cf0c3f5d5a86aff3ca12020c923adc6c92', 'з”ЁжҲ·U28533327585573', 'default.png', 1, '2024-12-16 16:44:12', '2025-01-17 21:07:10');
INSERT INTO `user` VALUES ('U47811742828165', '2504319659@qq.com', '8bb0cf6eb9b17d0f7d22b456f121257dc1254e1f01665370476383ea776df414', 'yyolu', 'default.png', 1, '2024-11-24 21:59:28', '2025-01-29 21:20:38');

-- ----------------------------
-- Table structure for versionstatus
-- ----------------------------
DROP TABLE IF EXISTS `versionstatus`;
CREATE TABLE `versionstatus`  (
  `id` varchar(20) CHARACTER SET utf8mb4 COLLATE utf8mb4_0900_ai_ci NOT NULL COMMENT 'зүҲжң¬id',
  `type` tinyint(1) NULL DEFAULT NULL COMMENT 'зүҲжң¬зұ»еһӢпјҢ1.жӯЈејҸзүҲпјҢ2.ОұжөӢиҜ•зүҲпјҢ3.ОІжөӢиҜ•зүҲпјҢ4.ж ҮеҮҶжөӢиҜ•зүҲ',
  `number` varchar(25) CHARACTER SET utf8mb4 COLLATE utf8mb4_0900_ai_ci NULL DEFAULT NULL COMMENT 'зүҲеҸ·',
  `publishDate` date NULL DEFAULT NULL COMMENT 'еҸ‘еёғж—¶й—ҙ',
  `description` varchar(50) CHARACTER SET utf8mb4 COLLATE utf8mb4_0900_ai_ci NULL DEFAULT NULL COMMENT 'зүҲжң¬жҸҸиҝ°дҝЎжҒҜ',
  `authorAbout` varchar(255) CHARACTER SET utf8mb4 COLLATE utf8mb4_0900_ai_ci NULL DEFAULT NULL COMMENT 'дҪңиҖ…жҸҸиҝ°дҝЎжҒҜ',
  PRIMARY KEY (`id`) USING BTREE,
  INDEX `index_type`(`type`) USING BTREE
) ENGINE = InnoDB CHARACTER SET = utf8mb4 COLLATE = utf8mb4_0900_ai_ci ROW_FORMAT = Dynamic;

-- ----------------------------
-- Records of versionstatus
-- ----------------------------

SET FOREIGN_KEY_CHECKS = 1;
